{
    "102004": 41.66666666666667,
    "2001": 43.78283712784588
}